bid_id,category,buyer,quantity,bid_value,award_date,winner_name,winner_price,num_bidders,vendor_name,vendor_rank,vendor_price,status_flag,remarks
GEM/2026/B/7522916,"PHOSPHETIC COATING METAL,OIL FILTER 1 LTR,FUEL PIPE BIG,FUEL PIPE 19X19,SOLONOID SWITCH,DRIVE ASSY",Ministry of Defence Department of Military Affairs,40,,22-05-2026 12:00 PM,,,3.0,D L ASSOCIATES,MSE,18-05-2026 18:04:56,qualified,
GEM/2026/B/7522916,"PHOSPHETIC COATING METAL,OIL FILTER 1 LTR,FUEL PIPE BIG,FUEL PIPE 19X19,SOLONOID SWITCH,DRIVE ASSY",Ministry of Defence Department of Military Affairs,40,,22-05-2026 12:00 PM,,,3.0,MS J.S.TRADERS,MSE,15-05-2026 20:58:07,qualified,
GEM/2026/B/7522916,"PHOSPHETIC COATING METAL,OIL FILTER 1 LTR,FUEL PIPE BIG,FUEL PIPE 19X19,SOLONOID SWITCH,DRIVE ASSY",Ministry of Defence Department of Military Affairs,40,,22-05-2026 12:00 PM,,,3.0,MS R.S ASSOCIATE,MSE,13-05-2026 19:51:38,qualified,
GEM/2026/B/7557483,"Repair, Maintenance, and Installation of Plant/ Systems/Equipments (Version 2) - Office Space; Prin",Ministry of Defence Department of Military Affairs,1,28600.00,22-05-2026 12:00 PM,NIMIT SALES CORPORATION,28600.00,3.0,NIMIT SALES CORPORATION,L1,28600.00,qualified,
GEM/2026/B/7557483,"Repair, Maintenance, and Installation of Plant/ Systems/Equipments (Version 2) - Office Space; Prin",Ministry of Defence Department of Military Affairs,1,28600.00,22-05-2026 12:00 PM,NIMIT SALES CORPORATION,28600.00,3.0,DELUX ENTERPRISES,L2,46200.00,qualified,
GEM/2026/B/7557483,"Repair, Maintenance, and Installation of Plant/ Systems/Equipments (Version 2) - Office Space; Prin",Ministry of Defence Department of Military Affairs,1,28600.00,22-05-2026 12:00 PM,NIMIT SALES CORPORATION,28600.00,3.0,MILITARY SALES CORPORATION,L3,55600.00,qualified,
GEM/2026/B/7557136,Plain Copier Paper (V3) ISI Marked to IS 14490,Ministry of Defence Department of Military Affairs,300,Item Categories : Plain Copier Paper (V3) ISI Marked to IS 14490,22-05-2026 12:00 PM,VAIBHAV CONSTRUCTIONS,99900.00,14.0,VAIBHAV CONSTRUCTIONS,L1,99900.00,qualified,
GEM/2026/B/7557136,Plain Copier Paper (V3) ISI Marked to IS 14490,Ministry of Defence Department of Military Affairs,300,Item Categories : Plain Copier Paper (V3) ISI Marked to IS 14490,22-05-2026 12:00 PM,VAIBHAV CONSTRUCTIONS,99900.00,14.0,S S ENTERPRISES,L2,102600.00,qualified,
GEM/2026/B/7557136,Plain Copier Paper (V3) ISI Marked to IS 14490,Ministry of Defence Department of Military Affairs,300,Item Categories : Plain Copier Paper (V3) ISI Marked to IS 14490,22-05-2026 12:00 PM,VAIBHAV CONSTRUCTIONS,99900.00,14.0,KAVYA ENTERPRISES,L3,104400.00,qualified,
GEM/2026/B/7557136,Plain Copier Paper (V3) ISI Marked to IS 14490,Ministry of Defence Department of Military Affairs,300,Item Categories : Plain Copier Paper (V3) ISI Marked to IS 14490,22-05-2026 12:00 PM,VAIBHAV CONSTRUCTIONS,99900.00,14.0,A1 PRINT & ADVERTISEMENT HOUSE LLP,,,qualified,
GEM/2026/B/7557136,Plain Copier Paper (V3) ISI Marked to IS 14490,Ministry of Defence Department of Military Affairs,300,Item Categories : Plain Copier Paper (V3) ISI Marked to IS 14490,22-05-2026 12:00 PM,VAIBHAV CONSTRUCTIONS,99900.00,14.0,FALCON GENERAL TRADING,,,qualified,
GEM/2026/B/7557136,Plain Copier Paper (V3) ISI Marked to IS 14490,Ministry of Defence Department of Military Affairs,300,Item Categories : Plain Copier Paper (V3) ISI Marked to IS 14490,22-05-2026 12:00 PM,VAIBHAV CONSTRUCTIONS,99900.00,14.0,KRISHNA FABRICATORS,,,qualified,
GEM/2026/B/7557136,Plain Copier Paper (V3) ISI Marked to IS 14490,Ministry of Defence Department of Military Affairs,300,Item Categories : Plain Copier Paper (V3) ISI Marked to IS 14490,22-05-2026 12:00 PM,VAIBHAV CONSTRUCTIONS,99900.00,14.0,MS MAXCOM TRADERS,,,qualified,
GEM/2026/B/7557136,Plain Copier Paper (V3) ISI Marked to IS 14490,Ministry of Defence Department of Military Affairs,300,Item Categories : Plain Copier Paper (V3) ISI Marked to IS 14490,22-05-2026 12:00 PM,VAIBHAV CONSTRUCTIONS,99900.00,14.0,RADEX STATIONERY INDIA PRIVATE LTD,,,qualified,
GEM/2026/B/7557136,Plain Copier Paper (V3) ISI Marked to IS 14490,Ministry of Defence Department of Military Affairs,300,Item Categories : Plain Copier Paper (V3) ISI Marked to IS 14490,22-05-2026 12:00 PM,VAIBHAV CONSTRUCTIONS,99900.00,14.0,RINKAL TRADERS,,,qualified,
GEM/2026/B/7557136,Plain Copier Paper (V3) ISI Marked to IS 14490,Ministry of Defence Department of Military Affairs,300,Item Categories : Plain Copier Paper (V3) ISI Marked to IS 14490,22-05-2026 12:00 PM,VAIBHAV CONSTRUCTIONS,99900.00,14.0,SHIVANSH ENTERPRISES,,,qualified,
GEM/2026/B/7557136,Plain Copier Paper (V3) ISI Marked to IS 14490,Ministry of Defence Department of Military Affairs,300,Item Categories : Plain Copier Paper (V3) ISI Marked to IS 14490,22-05-2026 12:00 PM,VAIBHAV CONSTRUCTIONS,99900.00,14.0,SHREE SATI PAPER PRIVATE LTD,,,qualified,
GEM/2026/B/7557136,Plain Copier Paper (V3) ISI Marked to IS 14490,Ministry of Defence Department of Military Affairs,300,Item Categories : Plain Copier Paper (V3) ISI Marked to IS 14490,22-05-2026 12:00 PM,VAIBHAV CONSTRUCTIONS,99900.00,14.0,SKY HIGH ENTERPRISES,,,qualified,
GEM/2026/B/7557136,Plain Copier Paper (V3) ISI Marked to IS 14490,Ministry of Defence Department of Military Affairs,300,Item Categories : Plain Copier Paper (V3) ISI Marked to IS 14490,22-05-2026 12:00 PM,VAIBHAV CONSTRUCTIONS,99900.00,14.0,SREE ASHAPURA PAPERS,,,qualified,
GEM/2026/B/7557136,Plain Copier Paper (V3) ISI Marked to IS 14490,Ministry of Defence Department of Military Affairs,300,Item Categories : Plain Copier Paper (V3) ISI Marked to IS 14490,22-05-2026 12:00 PM,VAIBHAV CONSTRUCTIONS,99900.00,14.0,WISHBUYY HUB,,,qualified,
GEM/2026/B/7477632,Gwarty,Ministry of Home Affairs Central Armed Police Forces,16200,,22-05-2026 11:00 AM,,,5.0,BLUE STAR TRADERS,MSE,15-05-2026 12:25:57,qualified,
GEM/2026/B/7477632,Gwarty,Ministry of Home Affairs Central Armed Police Forces,16200,,22-05-2026 11:00 AM,,,5.0,HARSHITPRAGATI ENTERPRISES,MSE,15-05-2026 16:15:49,qualified,
GEM/2026/B/7477632,Gwarty,Ministry of Home Affairs Central Armed Police Forces,16200,,22-05-2026 11:00 AM,,,5.0,JAI JAGDAMBA SUPPLY CENTER,MSE,14-05-2026 19:48:47,qualified,
GEM/2026/B/7477632,Gwarty,Ministry of Home Affairs Central Armed Police Forces,16200,,22-05-2026 11:00 AM,,,5.0,SURESH TRADERS,MSE,13-05-2026 15:36:04,qualified,
GEM/2026/B/7477632,Gwarty,Ministry of Home Affairs Central Armed Police Forces,16200,,22-05-2026 11:00 AM,,,5.0,WHITE STAR,MSE,16-05-2026 11:40:06,qualified,
GEM/2026/B/7520453,MEAT DRESSED FROZEN,Ministry of Defence Department of Military Affairs,845,,22-05-2026 11:00 AM,,,3.0,,,,no_data_scraped,No evaluation details scraped
GEM/2026/B/7481896,"Flannelette rolls of cm width (Defence),Antimicrobial Hand Wash (V2),Stainless Steel Utensil as per",Ministry of Defence Department of Military Affairs,64483,,22-05-2026 11:00 AM,,,3.0,MS GAJADHAR ENTERPRISES,Offline upload,18-05-2026 09:51:48,qualified,
GEM/2026/B/7481896,"Flannelette rolls of cm width (Defence),Antimicrobial Hand Wash (V2),Stainless Steel Utensil as per",Ministry of Defence Department of Military Affairs,64483,,22-05-2026 11:00 AM,,,3.0,MS SHATRUGHAN SINGH ENTERPRISES,Registered with designated Agency / Authority,17-05-2026 20:24:37,qualified,
GEM/2026/B/7481896,"Flannelette rolls of cm width (Defence),Antimicrobial Hand Wash (V2),Stainless Steel Utensil as per",Ministry of Defence Department of Military Affairs,64483,,22-05-2026 11:00 AM,,,3.0,VIMIRE MARKETING PRIVATE LTD,Offline upload,17-05-2026 21:54:53,qualified,
GEM/2026/B/7528309,"oil seal assy,relay starter solenoid,main bearing set,pole screw,rep kit hyd brake wheel cyl,filter",Ministry of Defence Department of Military Affairs,37,,22-05-2026 11:00 AM,,,0.0,,,,no_data_scraped,No evaluation details scraped
GEM/2026/B/7528236,"clutch plate,pressure plate,clutch release bearing,wiper blade,gear knop,gear oil tin,brush carrier",Ministry of Defence Department of Military Affairs,15,"Item Categories : clutch plate,pressure plate,clutch release bearing,wiper blade,gear knop,gear oil tin,brush carrier",22-05-2026 11:00 AM,BARMER MOTORS,32319.00,3.0,BARMER MOTORS,L1,32319.00,qualified,
GEM/2026/B/7528236,"clutch plate,pressure plate,clutch release bearing,wiper blade,gear knop,gear oil tin,brush carrier",Ministry of Defence Department of Military Affairs,15,"Item Categories : clutch plate,pressure plate,clutch release bearing,wiper blade,gear knop,gear oil tin,brush carrier",22-05-2026 11:00 AM,BARMER MOTORS,32319.00,3.0,RAHUL ENTERPRISES,L2,36969.00,qualified,
GEM/2026/B/7528236,"clutch plate,pressure plate,clutch release bearing,wiper blade,gear knop,gear oil tin,brush carrier",Ministry of Defence Department of Military Affairs,15,"Item Categories : clutch plate,pressure plate,clutch release bearing,wiper blade,gear knop,gear oil tin,brush carrier",22-05-2026 11:00 AM,BARMER MOTORS,32319.00,3.0,N R MOTORS,L3,40400.00,qualified,
GEM/2026/B/7497804,"Supply of Superstructure of Large Store Shelter,Supply of Construction Material,Supply of electroni",Ministry of Defence Department of Military Affairs,6,,22-05-2026 9:00 PM,,,6.0,AGGARWAL INFRATECH & ENGINEERS,,,qualified,
GEM/2026/B/7497804,"Supply of Superstructure of Large Store Shelter,Supply of Construction Material,Supply of electroni",Ministry of Defence Department of Military Affairs,6,,22-05-2026 9:00 PM,,,6.0,"MS RAJ ASSOCIATE, UDMARI BORJHARGAON, DEKARGAON",,,qualified,
GEM/2026/B/7497804,"Supply of Superstructure of Large Store Shelter,Supply of Construction Material,Supply of electroni",Ministry of Defence Department of Military Affairs,6,,22-05-2026 9:00 PM,,,6.0,MS SHREE DURGA ENTERPRISE,,,qualified,
GEM/2026/B/7497804,"Supply of Superstructure of Large Store Shelter,Supply of Construction Material,Supply of electroni",Ministry of Defence Department of Military Affairs,6,,22-05-2026 9:00 PM,,,6.0,SHEKHAWAT INDUSTRIES,,,qualified,
GEM/2026/B/7497804,"Supply of Superstructure of Large Store Shelter,Supply of Construction Material,Supply of electroni",Ministry of Defence Department of Military Affairs,6,,22-05-2026 9:00 PM,,,6.0,SHREE SHYAM ENTERPRISES,,,qualified,
GEM/2026/B/7497804,"Supply of Superstructure of Large Store Shelter,Supply of Construction Material,Supply of electroni",Ministry of Defence Department of Military Affairs,6,,22-05-2026 9:00 PM,,,6.0,VIJAY INDUSTRIES,,,qualified,
GEM/2026/B/7489476,Super Structure Supply of Combined Toilet Block CTB 7.32M x 7.10M x 4.40M Height as per CE HQ 4 Cor,Ministry of Defence Department of Military Affairs,2293,,22-05-2026 9:00 PM,,,6.0,J. B. ASSOCIATES,,,qualified,
GEM/2026/B/7489476,Super Structure Supply of Combined Toilet Block CTB 7.32M x 7.10M x 4.40M Height as per CE HQ 4 Cor,Ministry of Defence Department of Military Affairs,2293,,22-05-2026 9:00 PM,,,6.0,MS AMIT TRADERS,,,qualified,
GEM/2026/B/7489476,Super Structure Supply of Combined Toilet Block CTB 7.32M x 7.10M x 4.40M Height as per CE HQ 4 Cor,Ministry of Defence Department of Military Affairs,2293,,22-05-2026 9:00 PM,,,6.0,MS MANNAT ENTERPRISES,,,qualified,
GEM/2026/B/7489476,Super Structure Supply of Combined Toilet Block CTB 7.32M x 7.10M x 4.40M Height as per CE HQ 4 Cor,Ministry of Defence Department of Military Affairs,2293,,22-05-2026 9:00 PM,,,6.0,MS P.D.ENTERPRISES,,,qualified,
GEM/2026/B/7489476,Super Structure Supply of Combined Toilet Block CTB 7.32M x 7.10M x 4.40M Height as per CE HQ 4 Cor,Ministry of Defence Department of Military Affairs,2293,,22-05-2026 9:00 PM,,,6.0,S. B. TRADING COMPANY,,,qualified,
GEM/2026/B/7489476,Super Structure Supply of Combined Toilet Block CTB 7.32M x 7.10M x 4.40M Height as per CE HQ 4 Cor,Ministry of Defence Department of Military Affairs,2293,,22-05-2026 9:00 PM,,,6.0,VIJAY INDUSTRIES,,,qualified,
GEM/2026/B/7560808,Flex Posters / Banners (V2),Ministry of Defence Department of Military Affairs,25,,22-05-2026 7:00 PM,,,1.0,SHANTI INTERNATIONAL,L1,37250.00,qualified,
GEM/2026/B/7527337,"PVC Paneling wall and ceiling,Decorative wooden paneling hand carved,Decorative ACP paneling all bo",Ministry of Defence Department of Military Affairs,300,98500.00,22-05-2026 7:00 PM,APEX ENTERPRISES,98500.00,3.0,APEX ENTERPRISES,L1,98500.00,qualified,
GEM/2026/B/7527337,"PVC Paneling wall and ceiling,Decorative wooden paneling hand carved,Decorative ACP paneling all bo",Ministry of Defence Department of Military Affairs,300,98500.00,22-05-2026 7:00 PM,APEX ENTERPRISES,98500.00,3.0,COSMIK ENTERPRISES,L2,99910.00,qualified,
GEM/2026/B/7527337,"PVC Paneling wall and ceiling,Decorative wooden paneling hand carved,Decorative ACP paneling all bo",Ministry of Defence Department of Military Affairs,300,98500.00,22-05-2026 7:00 PM,APEX ENTERPRISES,98500.00,3.0,HOSPITECH INDUSTRY,L3,115500.00,qualified,
GEM/2026/B/7527288,"Seal kit monitor,Handle door,Tie rod steering,Clutch master cylinder 19 05 dia,Assy ball joint,Assy",Ministry of Defence Department of Military Affairs,10,23700.00,22-05-2026 7:00 PM,MAHAVIR MOTOR,23700.00,3.0,MAHAVIR MOTOR,L1,23700.00,qualified,
GEM/2026/B/7527288,"Seal kit monitor,Handle door,Tie rod steering,Clutch master cylinder 19 05 dia,Assy ball joint,Assy",Ministry of Defence Department of Military Affairs,10,23700.00,22-05-2026 7:00 PM,MAHAVIR MOTOR,23700.00,3.0,L B ENTERPRISES,L2,25570.00,qualified,
GEM/2026/B/7527288,"Seal kit monitor,Handle door,Tie rod steering,Clutch master cylinder 19 05 dia,Assy ball joint,Assy",Ministry of Defence Department of Military Affairs,10,23700.00,22-05-2026 7:00 PM,MAHAVIR MOTOR,23700.00,3.0,ARMY ENTERPRISES,L3,26671.00,qualified,
GEM/2026/B/7532265,"ASSY COMBINATION SWITCH,WHEEL CYL ASSY,MULTIFUCTIONAL SWITCH,ISOLATOR SWITCH,LEVER WINDOW DROPPER,A",Ministry of Defence Department of Military Affairs,24,59405.00,22-05-2026 7:00 PM,MAA BHAGWATI TRADERS,59405.00,3.0,MAA BHAGWATI TRADERS,L1,59405.00,qualified,
GEM/2026/B/7532265,"ASSY COMBINATION SWITCH,WHEEL CYL ASSY,MULTIFUCTIONAL SWITCH,ISOLATOR SWITCH,LEVER WINDOW DROPPER,A",Ministry of Defence Department of Military Affairs,24,59405.00,22-05-2026 7:00 PM,MAA BHAGWATI TRADERS,59405.00,3.0,BHAWANI ENTERPRISES AND GENERAL SUPPLIER,L2,65445.00,qualified,
GEM/2026/B/7532265,"ASSY COMBINATION SWITCH,WHEEL CYL ASSY,MULTIFUCTIONAL SWITCH,ISOLATOR SWITCH,LEVER WINDOW DROPPER,A",Ministry of Defence Department of Military Affairs,24,59405.00,22-05-2026 7:00 PM,MAA BHAGWATI TRADERS,59405.00,3.0,S.K.S ENTERPRISES,L3,74590.00,qualified,
GEM/2026/B/7489346,Super Structure Supply of Combined Toilet Block CTB 7.32M x 7.10M x 4.40M Height as per CE HQ 4 Cor,Ministry of Defence Department of Military Affairs,2293,,22-05-2026 5:16 PM,,,,BHARAT METALS,,,qualified,
GEM/2026/B/7489346,Super Structure Supply of Combined Toilet Block CTB 7.32M x 7.10M x 4.40M Height as per CE HQ 4 Cor,Ministry of Defence Department of Military Affairs,2293,,22-05-2026 5:16 PM,,,,J. B. ASSOCIATES,,,qualified,
GEM/2026/B/7489346,Super Structure Supply of Combined Toilet Block CTB 7.32M x 7.10M x 4.40M Height as per CE HQ 4 Cor,Ministry of Defence Department of Military Affairs,2293,,22-05-2026 5:16 PM,,,,MS AMIT TRADERS,,,qualified,
GEM/2026/B/7489346,Super Structure Supply of Combined Toilet Block CTB 7.32M x 7.10M x 4.40M Height as per CE HQ 4 Cor,Ministry of Defence Department of Military Affairs,2293,,22-05-2026 5:16 PM,,,,MS P.D.ENTERPRISES,,,qualified,
GEM/2026/B/7489346,Super Structure Supply of Combined Toilet Block CTB 7.32M x 7.10M x 4.40M Height as per CE HQ 4 Cor,Ministry of Defence Department of Military Affairs,2293,,22-05-2026 5:16 PM,,,,S. B. TRADING COMPANY,,,qualified,
GEM/2026/B/7489346,Super Structure Supply of Combined Toilet Block CTB 7.32M x 7.10M x 4.40M Height as per CE HQ 4 Cor,Ministry of Defence Department of Military Affairs,2293,,22-05-2026 5:16 PM,,,,VIJAY INDUSTRIES,,,qualified,
GEM/2025/B/6840345,supply and stacking of stone chips 26.5 mm between km 12.00 to km 17.00 on Baghbella Toli Nagina ro,Ministry of Defence Department of Defence,13798,,22-05-2026 4:05 PM,,,13.0,ABDUL RASHID & SONS,,,qualified,
GEM/2025/B/6840345,supply and stacking of stone chips 26.5 mm between km 12.00 to km 17.00 on Baghbella Toli Nagina ro,Ministry of Defence Department of Defence,13798,,22-05-2026 4:05 PM,,,13.0,ABDUL RASHID KABOO,,,qualified,
GEM/2025/B/6840345,supply and stacking of stone chips 26.5 mm between km 12.00 to km 17.00 on Baghbella Toli Nagina ro,Ministry of Defence Department of Defence,13798,,22-05-2026 4:05 PM,,,13.0,ABID BUILDERS & SUPPLIERS,,,qualified,
GEM/2025/B/6840345,supply and stacking of stone chips 26.5 mm between km 12.00 to km 17.00 on Baghbella Toli Nagina ro,Ministry of Defence Department of Defence,13798,,22-05-2026 4:05 PM,,,13.0,GH QADIR LONE,,,qualified,
GEM/2025/B/6840345,supply and stacking of stone chips 26.5 mm between km 12.00 to km 17.00 on Baghbella Toli Nagina ro,Ministry of Defence Department of Defence,13798,,22-05-2026 4:05 PM,,,13.0,JAVID AHMAD RATHER,,,qualified,
GEM/2025/B/6840345,supply and stacking of stone chips 26.5 mm between km 12.00 to km 17.00 on Baghbella Toli Nagina ro,Ministry of Defence Department of Defence,13798,,22-05-2026 4:05 PM,,,13.0,MS M4 ENTERPRISES,,,qualified,
GEM/2025/B/6840345,supply and stacking of stone chips 26.5 mm between km 12.00 to km 17.00 on Baghbella Toli Nagina ro,Ministry of Defence Department of Defence,13798,,22-05-2026 4:05 PM,,,13.0,MS MIR CONSTRUCTIONS COMPANY,,,qualified,
GEM/2025/B/6840345,supply and stacking of stone chips 26.5 mm between km 12.00 to km 17.00 on Baghbella Toli Nagina ro,Ministry of Defence Department of Defence,13798,,22-05-2026 4:05 PM,,,13.0,MS PEERZADA CONSTRUCTION AND SUPPLIERS,,,qualified,
GEM/2025/B/6840345,supply and stacking of stone chips 26.5 mm between km 12.00 to km 17.00 on Baghbella Toli Nagina ro,Ministry of Defence Department of Defence,13798,,22-05-2026 4:05 PM,,,13.0,MS SHABIR AHMED,,,qualified,
GEM/2025/B/6840345,supply and stacking of stone chips 26.5 mm between km 12.00 to km 17.00 on Baghbella Toli Nagina ro,Ministry of Defence Department of Defence,13798,,22-05-2026 4:05 PM,,,13.0,NEW ERA CONSTRUCTION,,,qualified,
GEM/2025/B/6840345,supply and stacking of stone chips 26.5 mm between km 12.00 to km 17.00 on Baghbella Toli Nagina ro,Ministry of Defence Department of Defence,13798,,22-05-2026 4:05 PM,,,13.0,QAZI CONSTRUCTIONS,,,qualified,
GEM/2025/B/6840345,supply and stacking of stone chips 26.5 mm between km 12.00 to km 17.00 on Baghbella Toli Nagina ro,Ministry of Defence Department of Defence,13798,,22-05-2026 4:05 PM,,,13.0,S M STONE CRUSHER,,,qualified,
GEM/2025/B/6840345,supply and stacking of stone chips 26.5 mm between km 12.00 to km 17.00 on Baghbella Toli Nagina ro,Ministry of Defence Department of Defence,13798,,22-05-2026 4:05 PM,,,13.0,VALLEY ROAD CONSTRUCTION COMPANY,,,qualified,
GEM/2026/B/7558891,Facility Management Services - LumpSum Based - SUPPLY AND INSTALLATIONS OF OFFICE FURNITURE AS PER,Ministry of Urban Development NA,1,,22-05-2026 4:00 PM,,,5.0,G.U. ENTERPRISES,L1,452750.00,qualified,
GEM/2026/B/7558891,Facility Management Services - LumpSum Based - SUPPLY AND INSTALLATIONS OF OFFICE FURNITURE AS PER,Ministry of Urban Development NA,1,,22-05-2026 4:00 PM,,,5.0,MAA SATI ENTERPRISES,L2,455500.00,qualified,
GEM/2026/B/7558891,Facility Management Services - LumpSum Based - SUPPLY AND INSTALLATIONS OF OFFICE FURNITURE AS PER,Ministry of Urban Development NA,1,,22-05-2026 4:00 PM,,,5.0,TECH SOLUTIONS,L3,456400.00,qualified,
GEM/2026/B/7558891,Facility Management Services - LumpSum Based - SUPPLY AND INSTALLATIONS OF OFFICE FURNITURE AS PER,Ministry of Urban Development NA,1,,22-05-2026 4:00 PM,,,5.0,PLANET SECURITY GROUP,,,qualified,
GEM/2026/B/7558891,Facility Management Services - LumpSum Based - SUPPLY AND INSTALLATIONS OF OFFICE FURNITURE AS PER,Ministry of Urban Development NA,1,,22-05-2026 4:00 PM,,,5.0,RK INFRASTRUCTURE SERVICES,,,qualified,
GEM/2026/B/7480328,Custom Bid for Services - Supply of Spares for HAULOTTE make MANLIFT at 765 kV Orai Substation,Ministry of Power POWER GRID Corporation OF INDIA Limited,1,1117764.00,22-05-2026 4:00 PM,GEMINI POWER HYDRAULICS PRIVATE LTD,1117764.00,1.0,GEMINI POWER HYDRAULICS PRIVATE LTD,L1,1117764.00,qualified,
GEM/2026/B/7399330,Contamination monitor,PMO Department of Atomic Energy,3,,22-05-2026 3:05 PM,,,2.0,NUCLEONIX SYSTEMS PVT LTD,,,qualified,
GEM/2026/B/7399330,Contamination monitor,PMO Department of Atomic Energy,3,,22-05-2026 3:05 PM,,,2.0,PLA ELECTRO APPLIANCES PVT LTD,,,qualified,
GEM/2026/B/7529759,Operation And Maintenance Of Substation - Replacement of Defective O/C E/F Relay,Energy Department Uttar Pradesh,1,,22-05-2026 3:00 PM,,,,VASU ENTERPRISE,L1,53000.00,qualified,
GEM/2026/B/7529759,Operation And Maintenance Of Substation - Replacement of Defective O/C E/F Relay,Energy Department Uttar Pradesh,1,,22-05-2026 3:00 PM,,,,MS TECHNOCRAT ELECTRICAL,L2,89000.00,qualified,
GEM/2026/B/7529759,Operation And Maintenance Of Substation - Replacement of Defective O/C E/F Relay,Energy Department Uttar Pradesh,1,,22-05-2026 3:00 PM,,,,SARASWAT ELECTRICALS,L3,100000.00,qualified,
GEM/2026/B/7525406,"ELECTRODES WELDING STEEL MILD GENERAL,ELECTRODES WELDING STEEL MILD GENERAL,ANABOND RTV SILICON SEA",Ministry of Defence Department of Military Affairs,317,,22-05-2026 3:00 PM,,,3.0,POOJA ENTERPRISES,L1,65478.20,qualified,
GEM/2026/B/7525406,"ELECTRODES WELDING STEEL MILD GENERAL,ELECTRODES WELDING STEEL MILD GENERAL,ANABOND RTV SILICON SEA",Ministry of Defence Department of Military Affairs,317,,22-05-2026 3:00 PM,,,3.0,AMARAVATI ENTERPRISES,L2,105450.00,qualified,
GEM/2026/B/7525406,"ELECTRODES WELDING STEEL MILD GENERAL,ELECTRODES WELDING STEEL MILD GENERAL,ANABOND RTV SILICON SEA",Ministry of Defence Department of Military Affairs,317,,22-05-2026 3:00 PM,,,3.0,MS SINGH TRADERS,L3,110377.00,qualified,
GEM/2026/B/7383212,"Outdoor Slide (V2),Garden Swings,Parallel Bar - Outdoor Gym Equipment,Leg  Press - Outdoor Gym Equi",Panchayats and Rural Housing Department Gujarat,5,,22-05-2026 2:00 PM,,,9.0,INTELLO ENTERPRISE,,,qualified,
GEM/2026/B/7383212,"Outdoor Slide (V2),Garden Swings,Parallel Bar - Outdoor Gym Equipment,Leg  Press - Outdoor Gym Equi",Panchayats and Rural Housing Department Gujarat,5,,22-05-2026 2:00 PM,,,9.0,KRITIKA GLOBAL,,,qualified,
GEM/2026/B/7383212,"Outdoor Slide (V2),Garden Swings,Parallel Bar - Outdoor Gym Equipment,Leg  Press - Outdoor Gym Equi",Panchayats and Rural Housing Department Gujarat,5,,22-05-2026 2:00 PM,,,9.0,NEW IDEAL SPORTS & FITNESS,,,qualified,
GEM/2026/B/7383212,"Outdoor Slide (V2),Garden Swings,Parallel Bar - Outdoor Gym Equipment,Leg  Press - Outdoor Gym Equi",Panchayats and Rural Housing Department Gujarat,5,,22-05-2026 2:00 PM,,,9.0,REZNOR GLOBAL PRIVATE LTD,,,qualified,
GEM/2026/B/7383212,"Outdoor Slide (V2),Garden Swings,Parallel Bar - Outdoor Gym Equipment,Leg  Press - Outdoor Gym Equi",Panchayats and Rural Housing Department Gujarat,5,,22-05-2026 2:00 PM,,,9.0,RUDRA ENTERPRISES,,,qualified,
GEM/2026/B/7383212,"Outdoor Slide (V2),Garden Swings,Parallel Bar - Outdoor Gym Equipment,Leg  Press - Outdoor Gym Equi",Panchayats and Rural Housing Department Gujarat,5,,22-05-2026 2:00 PM,,,9.0,STURDY INTERNATIONAL,,,qualified,
GEM/2026/B/7383212,"Outdoor Slide (V2),Garden Swings,Parallel Bar - Outdoor Gym Equipment,Leg  Press - Outdoor Gym Equi",Panchayats and Rural Housing Department Gujarat,5,,22-05-2026 2:00 PM,,,9.0,SUNDEEP SPORTS HOUSE,,,qualified,
GEM/2026/B/7383212,"Outdoor Slide (V2),Garden Swings,Parallel Bar - Outdoor Gym Equipment,Leg  Press - Outdoor Gym Equi",Panchayats and Rural Housing Department Gujarat,5,,22-05-2026 2:00 PM,,,9.0,VERMA SPORTS,,,qualified,
GEM/2026/B/7383212,"Outdoor Slide (V2),Garden Swings,Parallel Bar - Outdoor Gym Equipment,Leg  Press - Outdoor Gym Equi",Panchayats and Rural Housing Department Gujarat,5,,22-05-2026 2:00 PM,,,9.0,YUG ENTERPRISE,,,qualified,
GEM/2026/B/7557312,"Catering Service per Packet based - Non-Veg; Breakfast, Lunch, Snacks/High, Tea, Dinner; Buffet(Bre",Ministry of Defence Department of Defence,6175,,22-05-2026 2:00 PM,,,0.0,,,,no_data_scraped,No evaluation details scraped
GEM/2026/B/7529546,"IMAGE UNIT 2365,NORMAL SMPS 450W,OFC DRUM CANON NFD 2006,CLEANING BLADE CANON 2006,PCR ROLLER CANON",Ministry of Defence Department of Military Affairs,8,,22-05-2026 2:00 PM,,,0.0,,,,no_data_scraped,No evaluation details scraped
GEM/2026/B/7529503,"DUMPING PAD FRONT,RUBBER BUSH UPPER,BRAKE DISC PAD,OIL SEAL STEERING,OIL SEAL,BELT TIMING,WORM SHAF",Ministry of Defence Department of Military Affairs,94,36355.80,22-05-2026 2:00 PM,SWATI ENTERPRISE,36355.80,3.0,SWATI ENTERPRISE,L1,36355.80,qualified,
GEM/2026/B/7529503,"DUMPING PAD FRONT,RUBBER BUSH UPPER,BRAKE DISC PAD,OIL SEAL STEERING,OIL SEAL,BELT TIMING,WORM SHAF",Ministry of Defence Department of Military Affairs,94,36355.80,22-05-2026 2:00 PM,SWATI ENTERPRISE,36355.80,3.0,NAWBHARAT TRADE AGENCY,L2,41026.00,qualified,
GEM/2026/B/7529503,"DUMPING PAD FRONT,RUBBER BUSH UPPER,BRAKE DISC PAD,OIL SEAL STEERING,OIL SEAL,BELT TIMING,WORM SHAF",Ministry of Defence Department of Military Affairs,94,36355.80,22-05-2026 2:00 PM,SWATI ENTERPRISE,36355.80,3.0,NEXUS INDIA,L3,41351.00,qualified,
GEM/2026/B/7529468,"STARTER MOTOR,VALVE GRADUATED HAND CONTROL,MASTER CYL KIT,SELF REPAIR KIT,MAGNETIC SWITCH,CLUTCH AS",Ministry of Defence Department of Defence,11,52498.00,22-05-2026 2:00 PM,ANSH TRADERS,52498.00,3.0,ANSH TRADERS,L1,52498.00,qualified,
GEM/2026/B/7529468,"STARTER MOTOR,VALVE GRADUATED HAND CONTROL,MASTER CYL KIT,SELF REPAIR KIT,MAGNETIC SWITCH,CLUTCH AS",Ministry of Defence Department of Defence,11,52498.00,22-05-2026 2:00 PM,ANSH TRADERS,52498.00,3.0,ABHINANDAN ENTERPRISES,L2,54670.00,qualified,
GEM/2026/B/7529468,"STARTER MOTOR,VALVE GRADUATED HAND CONTROL,MASTER CYL KIT,SELF REPAIR KIT,MAGNETIC SWITCH,CLUTCH AS",Ministry of Defence Department of Defence,11,52498.00,22-05-2026 2:00 PM,ANSH TRADERS,52498.00,3.0,PARSHVANATH ENTERPRISES,L3,56840.00,qualified,
GEM/2026/B/7528194,"Hose,Pressure Pipe,Suspension,Engine,Radiator",Ministry of Defence Department of Military Affairs,9,,22-05-2026 2:00 PM,,,,,,,no_data_scraped,No evaluation details scraped
GEM/2026/B/7382284,Monthly Basis Cab & Taxi Hiring Services - Sedan; 1200 km x 208 hours; Local,Ministry of Defence Department of Defence Production,1,,22-05-2026 1:33 PM,,,27.0,A S RAJPUT ALLIED SERVICES,,,qualified,
GEM/2026/B/7382284,Monthly Basis Cab & Taxi Hiring Services - Sedan; 1200 km x 208 hours; Local,Ministry of Defence Department of Defence Production,1,,22-05-2026 1:33 PM,,,27.0,SKYWAYS TOURS & TRAVELS,,,qualified,
GEM/2026/B/7382284,Monthly Basis Cab & Taxi Hiring Services - Sedan; 1200 km x 208 hours; Local,Ministry of Defence Department of Defence Production,1,,22-05-2026 1:33 PM,,,27.0,SIMRAN TOUR & TRAVELS,,,qualified,
GEM/2026/B/7382284,Monthly Basis Cab & Taxi Hiring Services - Sedan; 1200 km x 208 hours; Local,Ministry of Defence Department of Defence Production,1,,22-05-2026 1:33 PM,,,27.0,SHREE SHYAM ENTERPRISES,,,qualified,
GEM/2026/B/7382284,Monthly Basis Cab & Taxi Hiring Services - Sedan; 1200 km x 208 hours; Local,Ministry of Defence Department of Defence Production,1,,22-05-2026 1:33 PM,,,27.0,SATNAM TOURIST,,,qualified,
GEM/2026/B/7382284,Monthly Basis Cab & Taxi Hiring Services - Sedan; 1200 km x 208 hours; Local,Ministry of Defence Department of Defence Production,1,,22-05-2026 1:33 PM,,,27.0,SATKARTAR TOUR N TRAVELS,,,qualified,
GEM/2026/B/7382284,Monthly Basis Cab & Taxi Hiring Services - Sedan; 1200 km x 208 hours; Local,Ministry of Defence Department of Defence Production,1,,22-05-2026 1:33 PM,,,27.0,S R ENTERPRISES,,,qualified,
GEM/2026/B/7382284,Monthly Basis Cab & Taxi Hiring Services - Sedan; 1200 km x 208 hours; Local,Ministry of Defence Department of Defence Production,1,,22-05-2026 1:33 PM,,,27.0,RIDHI ENTERPRISES,,,qualified,
GEM/2026/B/7382284,Monthly Basis Cab & Taxi Hiring Services - Sedan; 1200 km x 208 hours; Local,Ministry of Defence Department of Defence Production,1,,22-05-2026 1:33 PM,,,27.0,RADIANCE CONNECT LLP,,,qualified,
GEM/2026/B/7382284,Monthly Basis Cab & Taxi Hiring Services - Sedan; 1200 km x 208 hours; Local,Ministry of Defence Department of Defence Production,1,,22-05-2026 1:33 PM,,,27.0,PRAYAG TECHNO SOLUTIONS PRIVATE LTD,,,qualified,
GEM/2026/B/7382284,Monthly Basis Cab & Taxi Hiring Services - Sedan; 1200 km x 208 hours; Local,Ministry of Defence Department of Defence Production,1,,22-05-2026 1:33 PM,,,27.0,PKR SECURITY SOLUTIONS PRIVATE LTD,,,qualified,
GEM/2026/B/7382284,Monthly Basis Cab & Taxi Hiring Services - Sedan; 1200 km x 208 hours; Local,Ministry of Defence Department of Defence Production,1,,22-05-2026 1:33 PM,,,27.0,MADHAV TOUR AND TRAVELS,,,qualified,
GEM/2026/B/7382284,Monthly Basis Cab & Taxi Hiring Services - Sedan; 1200 km x 208 hours; Local,Ministry of Defence Department of Defence Production,1,,22-05-2026 1:33 PM,,,27.0,TRX LOGISTICS AND SUPPORT SERVICES PRIVATE LTD,,,qualified,
GEM/2026/B/7382284,Monthly Basis Cab & Taxi Hiring Services - Sedan; 1200 km x 208 hours; Local,Ministry of Defence Department of Defence Production,1,,22-05-2026 1:33 PM,,,27.0,KRISHNA TRAVELS,,,qualified,
GEM/2026/B/7382284,Monthly Basis Cab & Taxi Hiring Services - Sedan; 1200 km x 208 hours; Local,Ministry of Defence Department of Defence Production,1,,22-05-2026 1:33 PM,,,27.0,KAGDIYAL HOLIDAYS,,,qualified,
GEM/2026/B/7382284,Monthly Basis Cab & Taxi Hiring Services - Sedan; 1200 km x 208 hours; Local,Ministry of Defence Department of Defence Production,1,,22-05-2026 1:33 PM,,,27.0,JANTA TRAVELS,,,qualified,
GEM/2026/B/7382284,Monthly Basis Cab & Taxi Hiring Services - Sedan; 1200 km x 208 hours; Local,Ministry of Defence Department of Defence Production,1,,22-05-2026 1:33 PM,,,27.0,INTERNATIONAL SECURITY & SERVICES AGENCY,,,qualified,
GEM/2026/B/7382284,Monthly Basis Cab & Taxi Hiring Services - Sedan; 1200 km x 208 hours; Local,Ministry of Defence Department of Defence Production,1,,22-05-2026 1:33 PM,,,27.0,I.P TRAVEL LINES,,,qualified,
GEM/2026/B/7382284,Monthly Basis Cab & Taxi Hiring Services - Sedan; 1200 km x 208 hours; Local,Ministry of Defence Department of Defence Production,1,,22-05-2026 1:33 PM,,,27.0,HIGHWAY MOTORS,,,qualified,
GEM/2026/B/7382284,Monthly Basis Cab & Taxi Hiring Services - Sedan; 1200 km x 208 hours; Local,Ministry of Defence Department of Defence Production,1,,22-05-2026 1:33 PM,,,27.0,GATIPARIVAHAN PRIVATE LTD,,,qualified,
GEM/2026/B/7382284,Monthly Basis Cab & Taxi Hiring Services - Sedan; 1200 km x 208 hours; Local,Ministry of Defence Department of Defence Production,1,,22-05-2026 1:33 PM,,,27.0,DEEP TRAVELS,,,qualified,
GEM/2026/B/7382284,Monthly Basis Cab & Taxi Hiring Services - Sedan; 1200 km x 208 hours; Local,Ministry of Defence Department of Defence Production,1,,22-05-2026 1:33 PM,,,27.0,CLASSIC CAR RENTAL SERVICES PRIVATE LTD,,,qualified,
GEM/2026/B/7382284,Monthly Basis Cab & Taxi Hiring Services - Sedan; 1200 km x 208 hours; Local,Ministry of Defence Department of Defence Production,1,,22-05-2026 1:33 PM,,,27.0,CAPITAL TOURIST,,,qualified,
GEM/2026/B/7382284,Monthly Basis Cab & Taxi Hiring Services - Sedan; 1200 km x 208 hours; Local,Ministry of Defence Department of Defence Production,1,,22-05-2026 1:33 PM,,,27.0,ARADHYA HIGHWAY MOTORS LLP,,,qualified,
GEM/2026/B/7382284,Monthly Basis Cab & Taxi Hiring Services - Sedan; 1200 km x 208 hours; Local,Ministry of Defence Department of Defence Production,1,,22-05-2026 1:33 PM,,,27.0,AMBE TRAVELS,,,qualified,
GEM/2026/B/7382284,Monthly Basis Cab & Taxi Hiring Services - Sedan; 1200 km x 208 hours; Local,Ministry of Defence Department of Defence Production,1,,22-05-2026 1:33 PM,,,27.0,KHATRI TOUR & TRAVELS,,,qualified,
GEM/2026/B/7382284,Monthly Basis Cab & Taxi Hiring Services - Sedan; 1200 km x 208 hours; Local,Ministry of Defence Department of Defence Production,1,,22-05-2026 1:33 PM,,,27.0,WISE TRAVEL INDIA LTD,,,qualified,
GEM/2026/B/7484220,Cyber Security Audit - Security and Compliance Audit,Revenue and Relief Department Jammu and Kashmir,1,,22-05-2026 1:08 PM,,,16.0,AKS INFORMATION TECHNOLOGY SERVICES PRIVATE LTD,,,qualified,
GEM/2026/B/7484220,Cyber Security Audit - Security and Compliance Audit,Revenue and Relief Department Jammu and Kashmir,1,,22-05-2026 1:08 PM,,,16.0,ALLIED BOSTON CONSULTANTS INDIA PRIVATE LTD,,,qualified,
GEM/2026/B/7484220,Cyber Security Audit - Security and Compliance Audit,Revenue and Relief Department Jammu and Kashmir,1,,22-05-2026 1:08 PM,,,16.0,ANB SOLUTIONS PRIVATE LTD,,,qualified,
GEM/2026/B/7484220,Cyber Security Audit - Security and Compliance Audit,Revenue and Relief Department Jammu and Kashmir,1,,22-05-2026 1:08 PM,,,16.0,ARRIDAE INFOSEC PRIVATE LTD,,,qualified,
GEM/2026/B/7484220,Cyber Security Audit - Security and Compliance Audit,Revenue and Relief Department Jammu and Kashmir,1,,22-05-2026 1:08 PM,,,16.0,CYPROS TECHNOLOGIES PRIVATE LTD,,,qualified,
GEM/2026/B/7484220,Cyber Security Audit - Security and Compliance Audit,Revenue and Relief Department Jammu and Kashmir,1,,22-05-2026 1:08 PM,,,16.0,DIGITAL AGE STRATEGIES PRIVATE LTD,,,qualified,
GEM/2026/B/7484220,Cyber Security Audit - Security and Compliance Audit,Revenue and Relief Department Jammu and Kashmir,1,,22-05-2026 1:08 PM,,,16.0,DR CBS CYBER SECURITY SERVICES LLP,,,qualified,
GEM/2026/B/7484220,Cyber Security Audit - Security and Compliance Audit,Revenue and Relief Department Jammu and Kashmir,1,,22-05-2026 1:08 PM,,,16.0,DREAMWORKS INFOTECH PRIVATE LTD,,,qualified,
GEM/2026/B/7484220,Cyber Security Audit - Security and Compliance Audit,Revenue and Relief Department Jammu and Kashmir,1,,22-05-2026 1:08 PM,,,16.0,G-INFO TECHNOLOGY SOLUTIONS PRIVATE LTD,,,qualified,
GEM/2026/B/7484220,Cyber Security Audit - Security and Compliance Audit,Revenue and Relief Department Jammu and Kashmir,1,,22-05-2026 1:08 PM,,,16.0,INNOVADOR INFOTECH PRIVATE LTD,,,qualified,
GEM/2026/B/7484220,Cyber Security Audit - Security and Compliance Audit,Revenue and Relief Department Jammu and Kashmir,1,,22-05-2026 1:08 PM,,,16.0,LEVITHAN TECHNOLOGIES PRIVATE LTD,,,qualified,
GEM/2026/B/7484220,Cyber Security Audit - Security and Compliance Audit,Revenue and Relief Department Jammu and Kashmir,1,,22-05-2026 1:08 PM,,,16.0,PENETO LABS PRIVATE LTD,,,qualified,
GEM/2026/B/7484220,Cyber Security Audit - Security and Compliance Audit,Revenue and Relief Department Jammu and Kashmir,1,,22-05-2026 1:08 PM,,,16.0,PHOENIX TECHNOCYBER,,,qualified,
GEM/2026/B/7484220,Cyber Security Audit - Security and Compliance Audit,Revenue and Relief Department Jammu and Kashmir,1,,22-05-2026 1:08 PM,,,16.0,PYRAMID CYBER SECURITY & FORENSIC PRIVATE LTD,,,qualified,
GEM/2026/B/7484220,Cyber Security Audit - Security and Compliance Audit,Revenue and Relief Department Jammu and Kashmir,1,,22-05-2026 1:08 PM,,,16.0,SECNIC CONSULTANCY SERVICES PRIVATE LTD,,,qualified,
GEM/2026/B/7484220,Cyber Security Audit - Security and Compliance Audit,Revenue and Relief Department Jammu and Kashmir,1,,22-05-2026 1:08 PM,,,16.0,SECURIUM SOLUTIONS PRIVATE LTD,,,qualified,
GEM/2026/B/7529287,"Starting Coil Generator,Switch Rotary Generator,Carbonator Assy Generator,Belt VE AX 49 LP Generato",Ministry of Defence Department of Military Affairs,6,,22-05-2026 1:00 PM,,,0.0,,,,no_data_scraped,No evaluation details scraped
GEM/2026/B/7529136,"PRESSURE ROLLER OF HP M1005,TEFLON SLEEVE OF HP M1005,FUSION HEATER OF HP M1005,MAINTENANCE BOX OF",Ministry of Defence Department of Military Affairs,12,,22-05-2026 1:00 PM,,,,,,,no_data_scraped,No evaluation details scraped
GEM/2026/B/7529128,RO Plant with Genset and Trolley,Panchayat Raj Department Bihar,1,499800.00,22-05-2026 1:00 PM,MAA DURGA AGROTECH,499800.00,3.0,MAA DURGA AGROTECH,L1,499800.00,qualified,
GEM/2026/B/7529128,RO Plant with Genset and Trolley,Panchayat Raj Department Bihar,1,499800.00,22-05-2026 1:00 PM,MAA DURGA AGROTECH,499800.00,3.0,SAUBHYAA ENTERPRISES,L2,499900.00,qualified,
GEM/2026/B/7529128,RO Plant with Genset and Trolley,Panchayat Raj Department Bihar,1,499800.00,22-05-2026 1:00 PM,MAA DURGA AGROTECH,499800.00,3.0,BYAHUT ENTERPRISES,L3,499999.00,qualified,
GEM/2026/B/7524690,"Markers and Highlighters,Markers and Highlighters,Markers and Highlighters,Markers and Highlighters",Ministry of Civil Aviation AI ENGINEERING SERVICES LIMITED,487,,22-05-2026 1:00 PM,,,12.0,INSIGHT SAKET ENTERPRISES,L1,12020.00,qualified,
GEM/2026/B/7524690,"Markers and Highlighters,Markers and Highlighters,Markers and Highlighters,Markers and Highlighters",Ministry of Civil Aviation AI ENGINEERING SERVICES LIMITED,487,,22-05-2026 1:00 PM,,,12.0,ASHOKA STATIONERS,L2,12190.00,qualified,
GEM/2026/B/7524690,"Markers and Highlighters,Markers and Highlighters,Markers and Highlighters,Markers and Highlighters",Ministry of Civil Aviation AI ENGINEERING SERVICES LIMITED,487,,22-05-2026 1:00 PM,,,12.0,HINDUSTAN TRADING COMPANY,L3,12468.00,qualified,
GEM/2026/B/7524690,"Markers and Highlighters,Markers and Highlighters,Markers and Highlighters,Markers and Highlighters",Ministry of Civil Aviation AI ENGINEERING SERVICES LIMITED,487,,22-05-2026 1:00 PM,,,12.0,ANAND STATIONERS,L4,12908.60,qualified,
GEM/2026/B/7524690,"Markers and Highlighters,Markers and Highlighters,Markers and Highlighters,Markers and Highlighters",Ministry of Civil Aviation AI ENGINEERING SERVICES LIMITED,487,,22-05-2026 1:00 PM,,,12.0,SAMIR BOOK STALL,L5,13440.00,qualified,
GEM/2026/B/7524690,"Markers and Highlighters,Markers and Highlighters,Markers and Highlighters,Markers and Highlighters",Ministry of Civil Aviation AI ENGINEERING SERVICES LIMITED,487,,22-05-2026 1:00 PM,,,12.0,SRI AMMAN ENTERPRISES,L6,15856.00,qualified,
GEM/2026/B/7524690,"Markers and Highlighters,Markers and Highlighters,Markers and Highlighters,Markers and Highlighters",Ministry of Civil Aviation AI ENGINEERING SERVICES LIMITED,487,,22-05-2026 1:00 PM,,,12.0,JAIN BROTHERS,L7,16460.00,qualified,
GEM/2026/B/7524690,"Markers and Highlighters,Markers and Highlighters,Markers and Highlighters,Markers and Highlighters",Ministry of Civil Aviation AI ENGINEERING SERVICES LIMITED,487,,22-05-2026 1:00 PM,,,12.0,MS RELIABLE OFFICE SUPPLIERS,L8,16979.00,qualified,
GEM/2026/B/7524690,"Markers and Highlighters,Markers and Highlighters,Markers and Highlighters,Markers and Highlighters",Ministry of Civil Aviation AI ENGINEERING SERVICES LIMITED,487,,22-05-2026 1:00 PM,,,12.0,CHOOSENUSE TRADERS,L9,18699.00,qualified,
GEM/2026/B/7524690,"Markers and Highlighters,Markers and Highlighters,Markers and Highlighters,Markers and Highlighters",Ministry of Civil Aviation AI ENGINEERING SERVICES LIMITED,487,,22-05-2026 1:00 PM,,,12.0,ESS KAY HOME CARE,L10,22056.00,qualified,
GEM/2026/B/7524690,"Markers and Highlighters,Markers and Highlighters,Markers and Highlighters,Markers and Highlighters",Ministry of Civil Aviation AI ENGINEERING SERVICES LIMITED,487,,22-05-2026 1:00 PM,,,12.0,GLOBAL HYGIENE ESSENTIALS,L11,25305.00,qualified,
GEM/2026/B/7524690,"Markers and Highlighters,Markers and Highlighters,Markers and Highlighters,Markers and Highlighters",Ministry of Civil Aviation AI ENGINEERING SERVICES LIMITED,487,,22-05-2026 1:00 PM,,,12.0,LEPAKSHI ENTERPRISES,L12,25910.00,qualified,
GEM/2026/B/7557970,Monthly Basis Cab & Taxi Hiring Services - Premium Sedan; 2500 km x 320 hours; Local 24*7,Ministry of Finance Department of Revenue,1,,22-05-2026 1:00 PM,,,,,,,no_data_scraped,No evaluation details scraped
GEM/2026/B/7544333,Safes (V3) ISI Marked to IS 550,Ministry of Finance Department of Financial Services,1,,22-05-2026 1:00 PM,,,,METHODEX SYSTEMS PRIVATE LTD,L1,351516.69,qualified,
GEM/2026/B/7544333,Safes (V3) ISI Marked to IS 550,Ministry of Finance Department of Financial Services,1,,22-05-2026 1:00 PM,,,,AB ENTERPRISES,L2,735000.00,qualified,
GEM/2026/B/7544333,Safes (V3) ISI Marked to IS 550,Ministry of Finance Department of Financial Services,1,,22-05-2026 1:00 PM,,,,SALASAR TRADE LINKERS,L3,1040300.00,qualified,
GEM/2026/B/7419591,Scanner (V3),Ministry of Health and Family Welfare Department of Health and Family Welfare,1,,22-05-2026 12:12 PM,,,9.0,ASTRIC COMPUTERS,,,qualified,
GEM/2026/B/7419591,Scanner (V3),Ministry of Health and Family Welfare Department of Health and Family Welfare,1,,22-05-2026 12:12 PM,,,9.0,CYBER MAX ENTERPRISES,,,qualified,
GEM/2026/B/7419591,Scanner (V3),Ministry of Health and Family Welfare Department of Health and Family Welfare,1,,22-05-2026 12:12 PM,,,9.0,PERFECT WORLD COMPUTER,,,qualified,
GEM/2026/B/7419591,Scanner (V3),Ministry of Health and Family Welfare Department of Health and Family Welfare,1,,22-05-2026 12:12 PM,,,9.0,RAINBOW ENTERPRISES,,,qualified,
GEM/2026/B/7419591,Scanner (V3),Ministry of Health and Family Welfare Department of Health and Family Welfare,1,,22-05-2026 12:12 PM,,,9.0,RUNVY,,,qualified,
GEM/2026/B/7419591,Scanner (V3),Ministry of Health and Family Welfare Department of Health and Family Welfare,1,,22-05-2026 12:12 PM,,,9.0,SALASAR TECHNO TRADERS,,,qualified,
GEM/2026/B/7419591,Scanner (V3),Ministry of Health and Family Welfare Department of Health and Family Welfare,1,,22-05-2026 12:12 PM,,,9.0,SUNCE INFO SOLUTION PRIVATE LTD,,,qualified,
GEM/2026/B/7419591,Scanner (V3),Ministry of Health and Family Welfare Department of Health and Family Welfare,1,,22-05-2026 12:12 PM,,,9.0,VIJEX OFFICE EQUIPMENTS PRIVATE LTD,,,qualified,
GEM/2026/B/7419591,Scanner (V3),Ministry of Health and Family Welfare Department of Health and Family Welfare,1,,22-05-2026 12:12 PM,,,9.0,YARU TECH,,,qualified,
GEM/2026/B/7528899,"Cap Stand 40 x 28 inch,Sofa with Table,Cane stand,Box Wall Hanging,Dinning Chair",Ministry of Defence Department of Military Affairs,8,,22-05-2026 12:00 PM,,,,CHANDRA SHEKHAR EXPORTS,L1,137588.00,qualified,
GEM/2026/B/7528899,"Cap Stand 40 x 28 inch,Sofa with Table,Cane stand,Box Wall Hanging,Dinning Chair",Ministry of Defence Department of Military Affairs,8,,22-05-2026 12:00 PM,,,,CLIMPEX,L2,177000.00,qualified,
GEM/2026/B/7528899,"Cap Stand 40 x 28 inch,Sofa with Table,Cane stand,Box Wall Hanging,Dinning Chair",Ministry of Defence Department of Military Affairs,8,,22-05-2026 12:00 PM,,,,ZIOR FURNITURE INDIA PRIVATE LTD,L3,183000.00,qualified,
GEM/2026/B/7524364,DATA INPUT DEVICE FOR TRG PURPOSE,Ministry of Defence Department of Military Affairs,1,98300.00,22-05-2026 12:00 PM,ARCHIT ENTERPRISES,98300.00,3.0,ARCHIT ENTERPRISES,L1,98300.00,qualified,
GEM/2026/B/7524364,DATA INPUT DEVICE FOR TRG PURPOSE,Ministry of Defence Department of Military Affairs,1,98300.00,22-05-2026 12:00 PM,ARCHIT ENTERPRISES,98300.00,3.0,KRISHAN ENTERPRISES,L2,112530.00,qualified,
GEM/2026/B/7524364,DATA INPUT DEVICE FOR TRG PURPOSE,Ministry of Defence Department of Military Affairs,1,98300.00,22-05-2026 12:00 PM,ARCHIT ENTERPRISES,98300.00,3.0,SHREE HARI TRADERS,L3,117160.00,qualified,
